,evaluation,eval Type,dataset,pipeline,subject,session,frr_1_far,frr_0.1_far,frr_0.01_far,eer,n_samples,epochs_duration
0,Single Session,Open Set,Visual Speller LLP,AR+PSD+SVM,1,session_1,0.001984126984126977,0.004960317460317443,0.007936507936507908,0.003390603004316097,13102,1.0
1,Single Session,Open Set,Visual Speller LLP,AR+PSD+SVM,2,session_1,0.007936507936507936,0.01686507936507936,0.03174603174603177,0.008847620176926833,13102,1.0
2,Single Session,Open Set,Visual Speller LLP,AR+PSD+SVM,3,session_1,0.0009920634920634885,0.001984126984126977,0.003968253968253954,0.0010818506762312352,13102,1.0
3,Single Session,Open Set,Visual Speller LLP,AR+PSD+SVM,4,session_1,0.008928571428571425,0.01190476190476189,0.01686507936507939,0.009754444914692701,13102,1.0
4,Single Session,Open Set,Visual Speller LLP,AR+PSD+SVM,5,session_1,0.007936507936507908,0.015873015873015844,0.025793650793650785,0.008351804827028861,13102,1.0
5,Single Session,Open Set,Visual Speller LLP,AR+PSD+SVM,6,session_1,0.001984126984126977,0.0029761904761904656,0.0069444444444444475,0.002978690476198486,13102,1.0
6,Single Session,Open Set,Visual Speller LLP,AR+PSD+SVM,7,session_1,0.005952380952380959,0.011904761904761918,0.012896825396825407,0.008349762656446236,13102,1.0
7,Single Session,Open Set,Visual Speller LLP,AR+PSD+SVM,8,session_1,0.0009920634920634885,0.0009920634920634885,0.0009920634920634885,0.000999563492063496,13102,1.0
8,Single Session,Open Set,Visual Speller LLP,AR+PSD+SVM,9,session_1,0.00694444444444442,0.01686507936507936,0.023809523809523808,0.00793650793664969,13102,1.0
9,Single Session,Open Set,Visual Speller LLP,AR+PSD+SVM,10,session_1,0.0,0.001984126984126977,0.001984126984126977,0.0005037544014523546,13102,1.0
10,Single Session,Open Set,Visual Speller LLP,AR+PSD+SVM,11,session_1,0.008928571428571425,0.016865079365079333,0.019841269841269854,0.00992063492064963,13102,1.0
11,Single Session,Open Set,Visual Speller LLP,AR+PSD+SVM,12,session_1,0.001984126984126977,0.003968253968253954,0.003968253968253954,0.0029800326680033116,13102,1.0
12,Single Session,Open Set,Visual Speller LLP,AR+PSD+SVM,13,session_1,0.005952380952380931,0.008928571428571425,0.008928571428571425,0.00694444444444372,13102,1.0
13,Single Session,Open Set,Visual Speller LLP,AR+PSD+LR,1,session_1,0.0,0.011904761904761918,0.25,0.0005043789013732834,13102,1.0
14,Single Session,Open Set,Visual Speller LLP,AR+PSD+LR,2,session_1,0.0009920634920634885,0.01190476190476189,0.03373015873015872,0.0021546044927232646,13102,1.0
15,Single Session,Open Set,Visual Speller LLP,AR+PSD+LR,3,session_1,0.02876984126984128,0.23015873015873012,0.4831349206349207,0.013646113704082757,13102,1.0
16,Single Session,Open Set,Visual Speller LLP,AR+PSD+LR,4,session_1,0.2579365079365079,0.2837301587301587,0.7281746031746031,0.03514579989299013,13102,1.0
17,Single Session,Open Set,Visual Speller LLP,AR+PSD+LR,5,session_1,0.020833333333333315,0.04464285714285715,0.21130952380952378,0.011330221857422045,13102,1.0
18,Single Session,Open Set,Visual Speller LLP,AR+PSD+LR,6,session_1,0.0,0.0,0.22123015873015872,0.0003392679537282769,13102,1.0
19,Single Session,Open Set,Visual Speller LLP,AR+PSD+LR,7,session_1,0.3373015873015873,0.5,0.5049603174603174,0.02596234079959302,13102,1.0
20,Single Session,Open Set,Visual Speller LLP,AR+PSD+LR,8,session_1,0.0,0.25,0.45337301587301587,0.0010802182082642435,13102,1.0
21,Single Session,Open Set,Visual Speller LLP,AR+PSD+LR,9,session_1,0.011904761904761918,0.22123015873015875,0.5952380952380951,0.0076092370419286685,13102,1.0
22,Single Session,Open Set,Visual Speller LLP,AR+PSD+LR,10,session_1,0.0,0.25,0.5009920634920635,0.0008347806843367347,13102,1.0
23,Single Session,Open Set,Visual Speller LLP,AR+PSD+LR,11,session_1,0.007936507936507936,0.01785714285714285,0.02182539682539683,0.005050104644384022,13102,1.0
24,Single Session,Open Set,Visual Speller LLP,AR+PSD+LR,12,session_1,0.0,0.0,0.2678571428571429,0.0004218669526341193,13102,1.0
25,Single Session,Open Set,Visual Speller LLP,AR+PSD+LR,13,session_1,0.001984126984126977,0.25297619047619047,0.5089285714285714,0.002978698550755331,13102,1.0
26,Single Session,Open Set,Visual Speller LLP,AR+PSD+LDA,1,session_1,0.0,0.12404040707073738,0.4496036627032937,0.0006671370175933992,13102,1.0
27,Single Session,Open Set,Visual Speller LLP,AR+PSD+LDA,2,session_1,0.0,0.0049603174603174705,0.054563492063492064,0.0005862374048516747,13102,1.0
28,Single Session,Open Set,Visual Speller LLP,AR+PSD+LDA,3,session_1,0.0029761904761904656,0.1912947948923934,0.45279169805586944,0.0038082191650422683,13102,1.0
29,Single Session,Open Set,Visual Speller LLP,AR+PSD+LDA,4,session_1,0.20634920634920637,0.4562046278832197,0.7340591596752908,0.033074417057487475,13102,1.0
30,Single Session,Open Set,Visual Speller LLP,AR+PSD+LDA,5,session_1,0.09325396825396823,0.17658730158730157,0.3742862230209604,0.03903113920816354,13102,1.0
31,Single Session,Open Set,Visual Speller LLP,AR+PSD+LDA,6,session_1,0.0,0.1558740587405874,0.678049131681793,0.0012438093678334354,13102,1.0
32,Single Session,Open Set,Visual Speller LLP,AR+PSD+LDA,7,session_1,0.41551567301387293,0.5391666416664166,0.9759404736904512,0.04472643003040116,13102,1.0
33,Single Session,Open Set,Visual Speller LLP,AR+PSD+LDA,8,session_1,0.0,0.1815447699931545,0.4181537269918154,0.0009984183116665602,13102,1.0
34,Single Session,Open Set,Visual Speller LLP,AR+PSD+LDA,9,session_1,0.007936507936507936,0.4690387975308324,0.7421419749911785,0.007854837928228206,13102,1.0
35,Single Session,Open Set,Visual Speller LLP,AR+PSD+LDA,10,session_1,0.0,0.42834090105606937,0.717834090105607,0.002308648377779437,13102,1.0
36,Single Session,Open Set,Visual Speller LLP,AR+PSD+LDA,11,session_1,0.24261681405588298,0.2492616814055883,0.42492541813305873,0.06332910537781315,13102,1.0
37,Single Session,Open Set,Visual Speller LLP,AR+PSD+LDA,12,session_1,0.17073604946575782,0.2420736049465758,0.6548295317957357,0.0079814381169607,13102,1.0
38,Single Session,Open Set,Visual Speller LLP,AR+PSD+LDA,13,session_1,0.001984126984126977,0.24245671028138852,0.48360954839707126,0.0036349833346870867,13102,1.0
39,Single Session,Open Set,Visual Speller LLP,AR+PSD+NB,1,session_1,0.00694444444444442,0.2232139285678571,0.46478848717058596,0.009012646115392797,13102,1.0
40,Single Session,Open Set,Visual Speller LLP,AR+PSD+NB,2,session_1,0.6303634590448081,0.738929203047338,0.7567302218920353,0.058734174818206954,13102,1.0
41,Single Session,Open Set,Visual Speller LLP,AR+PSD+NB,3,session_1,0.3265936911848684,0.6685808877252073,0.9584704691820392,0.05059523809535906,13102,1.0
42,Single Session,Open Set,Visual Speller LLP,AR+PSD+NB,4,session_1,0.4815785094682894,0.5772591955317034,0.9102363196571714,0.10460760809247037,13102,1.0
43,Single Session,Open Set,Visual Speller LLP,AR+PSD+NB,5,session_1,0.7216504485308788,0.9564067116745181,0.9956406711674518,0.16942066572673295,13102,1.0
44,Single Session,Open Set,Visual Speller LLP,AR+PSD+NB,6,session_1,0.0969269514123712,0.24372047291901489,0.2602847457045999,0.012733191946035775,13102,1.0
45,Single Session,Open Set,Visual Speller LLP,AR+PSD+NB,7,session_1,0.014880952380952384,0.22599645639313534,0.26218297897264686,0.013641296061180936,13102,1.0
46,Single Session,Open Set,Visual Speller LLP,AR+PSD+NB,8,session_1,0.02281746031746032,0.17375504112183981,0.2557683612550411,0.019841269841198682,13102,1.0
47,Single Session,Open Set,Visual Speller LLP,AR+PSD+NB,9,session_1,0.2659140620755571,0.623484983278247,0.9178814484985962,0.047123193464980825,13102,1.0
48,Single Session,Open Set,Visual Speller LLP,AR+PSD+NB,10,session_1,0.05759853744521096,0.25308128231594973,0.2736216202950871,0.0346380584732322,13102,1.0
49,Single Session,Open Set,Visual Speller LLP,AR+PSD+NB,11,session_1,0.49423746518832623,0.5211499369950231,0.6951984066764892,0.1021719106327605,13102,1.0
50,Single Session,Open Set,Visual Speller LLP,AR+PSD+NB,12,session_1,0.47494079492097246,0.5206091588571766,0.5283505984254002,0.06936062353911891,13102,1.0
51,Single Session,Open Set,Visual Speller LLP,AR+PSD+NB,13,session_1,0.9127892229075079,0.9904992571873366,0.9990499257187337,0.042833207037174234,13102,1.0
52,Single Session,Open Set,Visual Speller LLP,AR+PSD+KNN,1,session_1,0.0020259974425141103,0.005950213722916431,0.23055212694984092,0.003646559306752433,13102,1.0
53,Single Session,Open Set,Visual Speller LLP,AR+PSD+KNN,2,session_1,0.03527559363974567,0.6172514039955215,0.9158512501130303,0.018735429215181024,13102,1.0
54,Single Session,Open Set,Visual Speller LLP,AR+PSD+KNN,3,session_1,0.2469990228161054,0.3568243641429476,0.7017174300975649,0.05988409369420674,13102,1.0
55,Single Session,Open Set,Visual Speller LLP,AR+PSD+KNN,4,session_1,0.4287053012765663,0.6976632460678547,0.7517948926603231,0.04044280188107125,13102,1.0
56,Single Session,Open Set,Visual Speller LLP,AR+PSD+KNN,5,session_1,0.4760772986037074,0.7609049836696582,0.9760904983669658,0.07455269373813306,13102,1.0
57,Single Session,Open Set,Visual Speller LLP,AR+PSD+KNN,6,session_1,0.02366727946836117,0.40066882811685267,0.7204240256688281,0.020222500260272273,13102,1.0
58,Single Session,Open Set,Visual Speller LLP,AR+PSD+KNN,7,session_1,0.5785622995698585,0.900554377397014,0.9900554377397014,0.039801604540364875,13102,1.0
59,Single Session,Open Set,Visual Speller LLP,AR+PSD+KNN,8,session_1,0.0029721508364213833,0.003745146578449904,0.22946006245776746,0.002981190476197995,13102,1.0
60,Single Session,Open Set,Visual Speller LLP,AR+PSD+KNN,9,session_1,0.5639295589521655,0.9563929558952164,0.9956392955895217,0.037770075760881566,13102,1.0
61,Single Session,Open Set,Visual Speller LLP,AR+PSD+KNN,10,session_1,0.36218237487629346,0.5558865513481873,0.7368386551348187,0.027515137664708256,13102,1.0
62,Single Session,Open Set,Visual Speller LLP,AR+PSD+KNN,11,session_1,0.38055289017877303,0.5524824700928239,0.7320339612949966,0.06460821052245494,13102,1.0
63,Single Session,Open Set,Visual Speller LLP,AR+PSD+KNN,12,session_1,0.0669527048868297,0.6324997032035352,0.7444999703203535,0.017407384416234885,13102,1.0
64,Single Session,Open Set,Visual Speller LLP,AR+PSD+KNN,13,session_1,0.19230658644149218,0.6570960298887162,0.7505310315603002,0.021488124962032305,13102,1.0
65,Single Session,Open Set,Visual Speller LLP,AR+PSD+RF,1,session_1,0.0,0.0,0.0,1e-05,13102,1.0
66,Single Session,Open Set,Visual Speller LLP,AR+PSD+RF,2,session_1,0.004550164549264546,0.014858104930255661,0.030846121953283012,0.004867857429872745,13102,1.0
67,Single Session,Open Set,Visual Speller LLP,AR+PSD+RF,3,session_1,0.0009920634920634885,0.0009920634920634885,0.0029761904761904656,0.0010819573747101877,13102,1.0
68,Single Session,Open Set,Visual Speller LLP,AR+PSD+RF,4,session_1,0.001984126984126977,0.006606140796857701,0.014880952380952384,0.002589194894039402,13102,1.0
69,Single Session,Open Set,Visual Speller LLP,AR+PSD+RF,5,session_1,0.003968253968253954,0.005952380952380959,0.013981141795544966,0.004129799039575497,13102,1.0
70,Single Session,Open Set,Visual Speller LLP,AR+PSD+RF,6,session_1,0.0,0.0,0.0,1e-05,13102,1.0
71,Single Session,Open Set,Visual Speller LLP,AR+PSD+RF,7,session_1,0.008928571428571425,0.011893338179413515,0.012896825396825407,0.006120480084352752,13102,1.0
72,Single Session,Open Set,Visual Speller LLP,AR+PSD+RF,8,session_1,0.0,0.0,0.0,1e-05,13102,1.0
73,Single Session,Open Set,Visual Speller LLP,AR+PSD+RF,9,session_1,0.005952380952380959,0.019829846115921507,0.061600189414592554,0.007835977956149482,13102,1.0
74,Single Session,Open Set,Visual Speller LLP,AR+PSD+RF,10,session_1,0.0,0.0,0.0,1e-05,13102,1.0
75,Single Session,Open Set,Visual Speller LLP,AR+PSD+RF,11,session_1,0.003968253968253954,0.004960317460317443,0.00852856742853142,0.003970753968253865,13102,1.0
76,Single Session,Open Set,Visual Speller LLP,AR+PSD+RF,12,session_1,0.0,0.0,0.0,1e-05,13102,1.0
77,Single Session,Open Set,Visual Speller LLP,AR+PSD+RF,13,session_1,0.005952380952380959,0.006920604920334916,0.015273208287638451,0.0063593007991322465,13102,1.0
0,Single Session,Open Set,Visual Speller LLP,AR+PSD+SVM,1,session_1,0.005952380952380931,0.009920634920634913,0.010912698412698402,0.006944889755356598,13102,1.2
1,Single Session,Open Set,Visual Speller LLP,AR+PSD+SVM,2,session_1,0.005952380952380931,0.014880952380952384,0.03273809523809526,0.006364738791347799,13102,1.2
2,Single Session,Open Set,Visual Speller LLP,AR+PSD+SVM,3,session_1,0.001984126984126977,0.0029761904761904656,0.00694444444444442,0.0026474620132125233,13102,1.2
3,Single Session,Open Set,Visual Speller LLP,AR+PSD+SVM,4,session_1,0.01190476190476189,0.020833333333333343,0.031746031746031744,0.010912698412698481,13102,1.2
4,Single Session,Open Set,Visual Speller LLP,AR+PSD+SVM,5,session_1,0.010912698412698402,0.025793650793650785,0.04464285714285712,0.009180545938842745,13102,1.2
5,Single Session,Open Set,Visual Speller LLP,AR+PSD+SVM,6,session_1,0.001984126984126977,0.009920634920634913,0.01686507936507939,0.004545198694143387,13102,1.2
6,Single Session,Open Set,Visual Speller LLP,AR+PSD+SVM,7,session_1,0.008928571428571425,0.012896825396825407,0.018849206349206338,0.009013358612740704,13102,1.2
7,Single Session,Open Set,Visual Speller LLP,AR+PSD+SVM,8,session_1,0.0,0.0009920634920634885,0.0009920634920634885,0.0009995634920720098,13102,1.2
8,Single Session,Open Set,Visual Speller LLP,AR+PSD+SVM,9,session_1,0.009920634920634913,0.02281746031746032,0.030753968253968256,0.00992108023147537,13102,1.2
9,Single Session,Open Set,Visual Speller LLP,AR+PSD+SVM,10,session_1,0.0,0.0029761904761904656,0.003968253968253954,0.0028972939137046592,13102,1.2
10,Single Session,Open Set,Visual Speller LLP,AR+PSD+SVM,11,session_1,0.018849206349206366,0.025793650793650785,0.035714285714285726,0.017198706247319284,13102,1.2
11,Single Session,Open Set,Visual Speller LLP,AR+PSD+SVM,12,session_1,0.005952380952380931,0.007936507936507908,0.012896825396825379,0.00686393224435246,13102,1.2
12,Single Session,Open Set,Visual Speller LLP,AR+PSD+SVM,13,session_1,0.008928571428571397,0.008928571428571397,0.016865079365079333,0.00892857142857149,13102,1.2
13,Single Session,Open Set,Visual Speller LLP,AR+PSD+LR,1,session_1,0.0009920634920634885,0.25297619047619047,0.2619047619047619,0.0014942552331925153,13102,1.2
14,Single Session,Open Set,Visual Speller LLP,AR+PSD+LR,2,session_1,0.02281746031746032,0.11309523809523811,0.20436507936507936,0.0063722956768554094,13102,1.2
15,Single Session,Open Set,Visual Speller LLP,AR+PSD+LR,3,session_1,0.019841269841269826,0.2688492063492064,0.4275793650793651,0.009675274906413478,13102,1.2
16,Single Session,Open Set,Visual Speller LLP,AR+PSD+LR,4,session_1,0.2400793650793651,0.43253968253968256,0.7628968253968254,0.032004222971769435,13102,1.2
17,Single Session,Open Set,Visual Speller LLP,AR+PSD+LR,5,session_1,0.004960317460317443,0.04067460317460317,0.2926587301587301,0.005953277833423308,13102,1.2
18,Single Session,Open Set,Visual Speller LLP,AR+PSD+LR,6,session_1,0.0,0.12996031746031744,0.498015873015873,0.001659014073080735,13102,1.2
19,Single Session,Open Set,Visual Speller LLP,AR+PSD+LR,7,session_1,0.38591269841269843,0.5009920634920635,0.503968253968254,0.024640212912027917,13102,1.2
20,Single Session,Open Set,Visual Speller LLP,AR+PSD+LR,8,session_1,0.0,0.25,0.5,0.001164371530479541,13102,1.2
21,Single Session,Open Set,Visual Speller LLP,AR+PSD+LR,9,session_1,0.185515873015873,0.38095238095238093,0.875,0.014882466437821033,13102,1.2
22,Single Session,Open Set,Visual Speller LLP,AR+PSD+LR,10,session_1,0.0,0.25,0.49404761904761907,0.0007524395146374577,13102,1.2
23,Single Session,Open Set,Visual Speller LLP,AR+PSD+LR,11,session_1,0.005952380952380959,0.010912698412698402,0.2916666666666667,0.00628967183876937,13102,1.2
24,Single Session,Open Set,Visual Speller LLP,AR+PSD+LR,12,session_1,0.001984126984126977,0.003968253968253982,0.011904761904761918,0.0023207882393763033,13102,1.2
25,Single Session,Open Set,Visual Speller LLP,AR+PSD+LR,13,session_1,0.013888888888888895,0.2513843193987495,0.5475590668605099,0.00761271258427069,13102,1.2
26,Single Session,Open Set,Visual Speller LLP,AR+PSD+LDA,1,session_1,0.003968253968253982,0.20673857532226117,0.47801512737349594,0.005046720013953381,13102,1.2
27,Single Session,Open Set,Visual Speller LLP,AR+PSD+LDA,2,session_1,0.019841269841269854,0.09911495940356227,0.24988576274651636,0.0060403383723942475,13102,1.2
28,Single Session,Open Set,Visual Speller LLP,AR+PSD+LDA,3,session_1,0.005952380952380959,0.22100879017448183,0.27468024409681324,0.006037665247525266,13102,1.2
29,Single Session,Open Set,Visual Speller LLP,AR+PSD+LDA,4,session_1,0.18032708104858824,0.3106896346741245,0.5505106489556959,0.03646605947642824,13102,1.2
30,Single Session,Open Set,Visual Speller LLP,AR+PSD+LDA,5,session_1,0.04067460317460317,0.09424603174603172,0.34648629224387484,0.017287450168335904,13102,1.2
31,Single Session,Open Set,Visual Speller LLP,AR+PSD+LDA,6,session_1,0.005952380952380959,0.1914333429048576,0.6581851830423066,0.007937815937533314,13102,1.2
32,Single Session,Open Set,Visual Speller LLP,AR+PSD+LDA,7,session_1,0.3749113177944966,0.5039990349537194,0.9148817457344293,0.044145831242874134,13102,1.2
33,Single Session,Open Set,Visual Speller LLP,AR+PSD+LDA,8,session_1,0.0,0.18181749999318175,0.41758099399175813,0.0009986912830666766,13102,1.2
34,Single Session,Open Set,Visual Speller LLP,AR+PSD+LDA,9,session_1,0.16666666666666663,0.60423353708327,0.9031812902162635,0.02703713678666547,13102,1.2
35,Single Session,Open Set,Visual Speller LLP,AR+PSD+LDA,10,session_1,0.0,0.1854968549685497,0.6933577669110025,0.0010790511879471985,13102,1.2
36,Single Session,Open Set,Visual Speller LLP,AR+PSD+LDA,11,session_1,0.0828076285443359,0.23506647714014786,0.47204440094869,0.01910680130527127,13102,1.2
37,Single Session,Open Set,Visual Speller LLP,AR+PSD+LDA,12,session_1,0.003968253968253982,0.010912698412698402,0.4057036998941418,0.004716376181498355,13102,1.2
38,Single Session,Open Set,Visual Speller LLP,AR+PSD+LDA,13,session_1,0.015873015873015872,0.24810918744108074,0.5363893222265557,0.01074784433928135,13102,1.2
39,Single Session,Open Set,Visual Speller LLP,AR+PSD+NB,1,session_1,0.19902763368576248,0.5403736703291986,0.7344937162392691,0.028324782395154888,13102,1.2
40,Single Session,Open Set,Visual Speller LLP,AR+PSD+NB,2,session_1,0.6262993164887529,0.7462608840298277,0.7662904703245798,0.06729233537700567,13102,1.2
41,Single Session,Open Set,Visual Speller LLP,AR+PSD+NB,3,session_1,0.618253389071771,0.7676785135103517,0.9677945294749593,0.09626690182245257,13102,1.2
42,Single Session,Open Set,Visual Speller LLP,AR+PSD+NB,4,session_1,0.9039304722034214,0.9903930472203422,0.9990393047220343,0.16204505511082706,13102,1.2
43,Single Session,Open Set,Visual Speller LLP,AR+PSD+NB,5,session_1,0.907553094317274,0.9907553094317274,0.9990755309431727,0.1667607214181194,13102,1.2
44,Single Session,Open Set,Visual Speller LLP,AR+PSD+NB,6,session_1,0.23419653272496443,0.7052671499882044,0.9705267149988204,0.041666666666669155,13102,1.2
45,Single Session,Open Set,Visual Speller LLP,AR+PSD+NB,7,session_1,0.2578686490515037,0.7893043311283936,0.9789304331128394,0.02918709752806492,13102,1.2
46,Single Session,Open Set,Visual Speller LLP,AR+PSD+NB,8,session_1,0.22335904133153509,0.5459746772272337,0.7385260391512948,0.029485610676537242,13102,1.2
47,Single Session,Open Set,Visual Speller LLP,AR+PSD+NB,9,session_1,0.4613650415591415,0.8874505393200753,0.9887450539320075,0.05969151358660793,13102,1.2
48,Single Session,Open Set,Visual Speller LLP,AR+PSD+NB,10,session_1,0.2869221838917587,0.5160825030063078,0.9514286592190057,0.068709991947668,13102,1.2
49,Single Session,Open Set,Visual Speller LLP,AR+PSD+NB,11,session_1,0.7224211449318891,0.9099555451989245,0.9909955545198924,0.13288860899204163,13102,1.2
50,Single Session,Open Set,Visual Speller LLP,AR+PSD+NB,12,session_1,0.5111795333624363,0.8923643464549368,0.9892364346454936,0.12899827376562908,13102,1.2
51,Single Session,Open Set,Visual Speller LLP,AR+PSD+NB,13,session_1,0.9252719411436183,0.9915602687232636,0.9991560268723263,0.07085429856773787,13102,1.2
52,Single Session,Open Set,Visual Speller LLP,AR+PSD+KNN,1,session_1,0.011393350540648245,0.2946147304879642,0.48749535953845496,0.008349507792145511,13102,1.2
53,Single Session,Open Set,Visual Speller LLP,AR+PSD+KNN,2,session_1,0.07672601149669844,0.6291468637590016,0.7450551203042894,0.01932358650047187,13102,1.2
54,Single Session,Open Set,Visual Speller LLP,AR+PSD+KNN,3,session_1,0.24451970873711876,0.3809289609336003,0.707537942726366,0.042362191294856064,13102,1.2
55,Single Session,Open Set,Visual Speller LLP,AR+PSD+KNN,4,session_1,0.47380212460803156,0.7884905301563008,0.9788490530156301,0.06810850228232532,13102,1.2
56,Single Session,Open Set,Visual Speller LLP,AR+PSD+KNN,5,session_1,0.24026166526842463,0.3287624775377064,0.6973266911102449,0.04339011492338388,13102,1.2
57,Single Session,Open Set,Visual Speller LLP,AR+PSD+KNN,6,session_1,0.028458792377610953,0.4077133552720809,0.7265059393018173,0.02080457561139324,13102,1.2
58,Single Session,Open Set,Visual Speller LLP,AR+PSD+KNN,7,session_1,0.5759138542547576,0.8367271883067036,0.9836727188306704,0.040094402676593255,13102,1.2
59,Single Session,Open Set,Visual Speller LLP,AR+PSD+KNN,8,session_1,0.0069042227539054535,0.012211935165719723,0.40823574241033417,0.006908428406390128,13102,1.2
60,Single Session,Open Set,Visual Speller LLP,AR+PSD+KNN,9,session_1,0.5387785959721483,0.9357296508058699,0.9935729650805869,0.03466863928889114,13102,1.2
61,Single Session,Open Set,Visual Speller LLP,AR+PSD+KNN,10,session_1,0.3901514999791368,0.6399277443773137,0.7461356315805885,0.02849136156187263,13102,1.2
62,Single Session,Open Set,Visual Speller LLP,AR+PSD+KNN,11,session_1,0.44324742655233146,0.7121123714874172,0.9223373323382651,0.055788237859568206,13102,1.2
63,Single Session,Open Set,Visual Speller LLP,AR+PSD+KNN,12,session_1,0.3946223011176568,0.7005342206260431,0.7584462792054615,0.03486953729955267,13102,1.2
64,Single Session,Open Set,Visual Speller LLP,AR+PSD+KNN,13,session_1,0.1090587637538413,0.6745924498420304,0.920272032040645,0.019493012356432932,13102,1.2
65,Single Session,Open Set,Visual Speller LLP,AR+PSD+RF,1,session_1,0.0009920634920634885,0.0009920634920634885,0.0009920634920634885,0.000999563492063496,13102,1.2
66,Single Session,Open Set,Visual Speller LLP,AR+PSD+RF,2,session_1,0.001984126984126977,0.01090077865064365,0.01755723906445414,0.004912813792857505,13102,1.2
67,Single Session,Open Set,Visual Speller LLP,AR+PSD+RF,3,session_1,0.005952380952380959,0.008928571428571425,0.012596921604136668,0.006850913306804448,13102,1.2
68,Single Session,Open Set,Visual Speller LLP,AR+PSD+RF,4,session_1,0.0288927761726597,0.040651755723906446,0.05357142857142855,0.02174034345653711,13102,1.2
69,Single Session,Open Set,Visual Speller LLP,AR+PSD+RF,5,session_1,0.004424553174103146,0.012896825396825407,0.03298030004109567,0.005753497084817599,13102,1.2
70,Single Session,Open Set,Visual Speller LLP,AR+PSD+RF,6,session_1,0.0,0.0,0.0,1e-05,13102,1.2
71,Single Session,Open Set,Visual Speller LLP,AR+PSD+RF,7,session_1,0.014809156028068204,0.02281746031746032,0.02946200096921603,0.01423143387184964,13102,1.2
72,Single Session,Open Set,Visual Speller LLP,AR+PSD+RF,8,session_1,0.0,0.0,0.0,1e-05,13102,1.2
73,Single Session,Open Set,Visual Speller LLP,AR+PSD+RF,9,session_1,0.013888888888888895,0.05253267810455883,0.09939065660497876,0.011851653696914568,13102,1.2
74,Single Session,Open Set,Visual Speller LLP,AR+PSD+RF,10,session_1,0.0,0.00048460802068336917,0.0009920634920634885,0.00029102707683583513,13102,1.2
75,Single Session,Open Set,Visual Speller LLP,AR+PSD+RF,11,session_1,0.004960317460317443,0.011904761904761918,0.015573112080327162,0.005721454248367794,13102,1.2
76,Single Session,Open Set,Visual Speller LLP,AR+PSD+RF,12,session_1,0.0035813304561616854,0.005952380952380931,0.005952380952380931,0.003970753968262278,13102,1.2
77,Single Session,Open Set,Visual Speller LLP,AR+PSD+RF,13,session_1,0.008928571428571425,0.02279461286676357,0.037398409698382734,0.009569843813946521,13102,1.2
0,Single Session,Open Set,Visual Speller LLP,AR+PSD+SVM,1,session_1,0.0,0.0029761904761904656,0.005952380952380931,0.0011628112314495112,13102,1.4
1,Single Session,Open Set,Visual Speller LLP,AR+PSD+SVM,2,session_1,0.003968253968253954,0.014880952380952384,0.030753968253968256,0.007189779199963087,13102,1.4
2,Single Session,Open Set,Visual Speller LLP,AR+PSD+SVM,3,session_1,0.005952380952380931,0.005952380952380931,0.005952380952380931,0.005952380952380475,13102,1.4
3,Single Session,Open Set,Visual Speller LLP,AR+PSD+SVM,4,session_1,0.004960317460317443,0.0069444444444444475,0.009920634920634913,0.005045995266167704,13102,1.4
4,Single Session,Open Set,Visual Speller LLP,AR+PSD+SVM,5,session_1,0.0069444444444444475,0.011904761904761918,0.015873015873015872,0.007031731628612769,13102,1.4
5,Single Session,Open Set,Visual Speller LLP,AR+PSD+SVM,6,session_1,0.001984126984126977,0.007936507936507908,0.009920634920634913,0.005125349658079505,13102,1.4
6,Single Session,Open Set,Visual Speller LLP,AR+PSD+SVM,7,session_1,0.007936507936507908,0.007936507936507908,0.011904761904761918,0.007936507936509716,13102,1.4
7,Single Session,Open Set,Visual Speller LLP,AR+PSD+SVM,8,session_1,0.0,0.0,0.0,1e-05,13102,1.4
8,Single Session,Open Set,Visual Speller LLP,AR+PSD+SVM,9,session_1,0.009920634920634913,0.01686507936507936,0.02182539682539683,0.010499182765560605,13102,1.4
9,Single Session,Open Set,Visual Speller LLP,AR+PSD+SVM,10,session_1,0.0,0.0,0.0,1e-05,13102,1.4
10,Single Session,Open Set,Visual Speller LLP,AR+PSD+SVM,11,session_1,0.009920634920634913,0.013888888888888867,0.013888888888888867,0.01066376965245805,13102,1.4
11,Single Session,Open Set,Visual Speller LLP,AR+PSD+SVM,12,session_1,0.001984126984126977,0.0029761904761904656,0.003968253968253954,0.0028145551594068187,13102,1.4
12,Single Session,Open Set,Visual Speller LLP,AR+PSD+SVM,13,session_1,0.009920634920634913,0.010912698412698402,0.012896825396825379,0.010912698412707315,13102,1.4
13,Single Session,Open Set,Visual Speller LLP,AR+PSD+LR,1,session_1,0.0,0.08333333333333334,0.25,0.000750634731823124,13102,1.4
14,Single Session,Open Set,Visual Speller LLP,AR+PSD+LR,2,session_1,0.0,0.0,0.27380952380952384,0.00042181546659315623,13102,1.4
15,Single Session,Open Set,Visual Speller LLP,AR+PSD+LR,3,session_1,0.03869047619047619,0.1359126984126984,0.3849206349206349,0.016867765174137805,13102,1.4
16,Single Session,Open Set,Visual Speller LLP,AR+PSD+LR,4,session_1,0.2767857142857143,0.566468253968254,0.7589285714285714,0.03952676995017754,13102,1.4
17,Single Session,Open Set,Visual Speller LLP,AR+PSD+LR,5,session_1,0.04563492063492064,0.0982142857142857,0.14682539682539683,0.016042806759407675,13102,1.4
18,Single Session,Open Set,Visual Speller LLP,AR+PSD+LR,6,session_1,0.0,0.0,0.27380952380952384,0.00042203063762266246,13102,1.4
19,Single Session,Open Set,Visual Speller LLP,AR+PSD+LR,7,session_1,0.310515873015873,0.5009920634920635,0.5029761904761905,0.02661774303640668,13102,1.4
20,Single Session,Open Set,Visual Speller LLP,AR+PSD+LR,8,session_1,0.0,0.25,0.25396825396825395,0.0009999200334727299,13102,1.4
21,Single Session,Open Set,Visual Speller LLP,AR+PSD+LR,9,session_1,0.001984126984126977,0.16468253968253968,0.5416666666666666,0.004138137869643855,13102,1.4
22,Single Session,Open Set,Visual Speller LLP,AR+PSD+LR,10,session_1,0.0,0.3680555555555556,0.5,0.0008349962838650627,13102,1.4
23,Single Session,Open Set,Visual Speller LLP,AR+PSD+LR,11,session_1,0.003968253968253982,0.0069444444444444475,0.008928571428571425,0.003975753968253599,13102,1.4
24,Single Session,Open Set,Visual Speller LLP,AR+PSD+LR,12,session_1,0.0,0.0049603174603174705,0.07142857142857142,0.000997515062193893,13102,1.4
25,Single Session,Open Set,Visual Speller LLP,AR+PSD+LR,13,session_1,0.001984126984126977,0.2513843193987495,0.5029162097176527,0.0024041146288558655,13102,1.4
26,Single Session,Open Set,Visual Speller LLP,AR+PSD+LDA,1,session_1,0.0,0.12404040707073738,0.6744034107007737,0.0009134375825221255,13102,1.4
27,Single Session,Open Set,Visual Speller LLP,AR+PSD+LDA,2,session_1,0.0,0.0,0.18492087698654763,0.00017491729585584725,13102,1.4
28,Single Session,Open Set,Visual Speller LLP,AR+PSD+LDA,3,session_1,0.0029761904761904656,0.18888913095480162,0.2553968496034167,0.0038900275594366198,13102,1.4
29,Single Session,Open Set,Visual Speller LLP,AR+PSD+LDA,4,session_1,0.17026749191654175,0.40103671429130516,0.5558679451432962,0.028859704997596852,13102,1.4
30,Single Session,Open Set,Visual Speller LLP,AR+PSD+LDA,5,session_1,0.09920634920634919,0.17654061461249534,0.4322979638526544,0.03638643789801085,13102,1.4
31,Single Session,Open Set,Visual Speller LLP,AR+PSD+LDA,6,session_1,0.0,0.15549905499054992,0.6271737717377174,0.000913475134748463,13102,1.4
32,Single Session,Open Set,Visual Speller LLP,AR+PSD+LDA,7,session_1,0.3639115227523619,0.5812154576611472,0.9909519931182074,0.05056626629074235,13102,1.4
33,Single Session,Open Set,Visual Speller LLP,AR+PSD+LDA,8,session_1,0.0,0.18181749999318175,0.4181809999918181,0.0009990149401494014,13102,1.4
34,Single Session,Open Set,Visual Speller LLP,AR+PSD+LDA,9,session_1,0.0,0.26868411541258275,0.6040509512237979,0.004463795872360375,13102,1.4
35,Single Session,Open Set,Visual Speller LLP,AR+PSD+LDA,10,session_1,0.20327641467256088,0.594326381454656,0.7344326381454656,0.014326288917440998,13102,1.4
36,Single Session,Open Set,Visual Speller LLP,AR+PSD+LDA,11,session_1,0.2425545235181549,0.24925545235181548,0.4621251672314015,0.06301480702382267,13102,1.4
37,Single Session,Open Set,Visual Speller LLP,AR+PSD+LDA,12,session_1,0.22989341595543614,0.24798934159554362,0.6025215685287553,0.027901803126419863,13102,1.4
38,Single Session,Open Set,Visual Speller LLP,AR+PSD+LDA,13,session_1,0.0049603174603174705,0.1970093808080938,0.4557065907960667,0.004137834595888924,13102,1.4
39,Single Session,Open Set,Visual Speller LLP,AR+PSD+NB,1,session_1,0.007936507936507936,0.22137266015517298,0.4664868970118272,0.008517784825520586,13102,1.4
40,Single Session,Open Set,Visual Speller LLP,AR+PSD+NB,2,session_1,0.578572787805703,0.7375199771932687,0.7532162834336126,0.06043586286763238,13102,1.4
41,Single Session,Open Set,Visual Speller LLP,AR+PSD+NB,3,session_1,0.046626984126984156,0.48353197628726097,0.9033792657465501,0.037698412698495075,13102,1.4
42,Single Session,Open Set,Visual Speller LLP,AR+PSD+NB,4,session_1,0.4709836732110927,0.7281979583494871,0.9608829353949156,0.0710648261486396,13102,1.4
43,Single Session,Open Set,Visual Speller LLP,AR+PSD+NB,5,session_1,0.7152972562424547,0.7602202018147217,0.7644148773243293,0.15005226947656553,13102,1.4
44,Single Session,Open Set,Visual Speller LLP,AR+PSD+NB,6,session_1,0.01785714285714285,0.3878972164031509,0.6759088339028663,0.015873990033714203,13102,1.4
45,Single Session,Open Set,Visual Speller LLP,AR+PSD+NB,7,session_1,0.023809523809523808,0.1604672296722967,0.25364592931643604,0.019676861078692535,13102,1.4
46,Single Session,Open Set,Visual Speller LLP,AR+PSD+NB,8,session_1,0.018849206349206366,0.18939609038947536,0.25554675189609044,0.018107407549913506,13102,1.4
47,Single Session,Open Set,Visual Speller LLP,AR+PSD+NB,9,session_1,0.25809337040738833,0.4894159373924567,0.7556230917711572,0.04398290647617297,13102,1.4
48,Single Session,Open Set,Visual Speller LLP,AR+PSD+NB,10,session_1,0.030753968253968256,0.22284872650313806,0.26702693614237727,0.0267857142857304,13102,1.4
49,Single Session,Open Set,Visual Speller LLP,AR+PSD+NB,11,session_1,0.5125422323461263,0.5371669216473111,0.7392996729945394,0.11417531754934312,13102,1.4
50,Single Session,Open Set,Visual Speller LLP,AR+PSD+NB,12,session_1,0.46940480942401697,0.5131111158630366,0.5203587306339227,0.06274342330067373,13102,1.4
51,Single Session,Open Set,Visual Speller LLP,AR+PSD+NB,13,session_1,0.502628766297653,0.9511720676777916,0.9951172067677791,0.043901236467894164,13102,1.4
52,Single Session,Open Set,Visual Speller LLP,AR+PSD+KNN,1,session_1,0.0023781896290364646,0.12846732964684143,0.4135411889833184,0.003239080728475326,13102,1.4
53,Single Session,Open Set,Visual Speller LLP,AR+PSD+KNN,2,session_1,0.10474058437516243,0.6487342645191725,0.9535064238930028,0.01639278456142721,13102,1.4
54,Single Session,Open Set,Visual Speller LLP,AR+PSD+KNN,3,session_1,0.24519475176327726,0.2560872930157873,0.46654451663564256,0.060897518039070314,13102,1.4
55,Single Session,Open Set,Visual Speller LLP,AR+PSD+KNN,4,session_1,0.4600767243640903,0.7150704907809569,0.9590791688469125,0.055897649354818696,13102,1.4
56,Single Session,Open Set,Visual Speller LLP,AR+PSD+KNN,5,session_1,0.47679009222450464,0.7177361362006467,0.7467736136200647,0.08138025443704358,13102,1.4
57,Single Session,Open Set,Visual Speller LLP,AR+PSD+KNN,6,session_1,0.00928001168608833,0.41955977126176053,0.9417599151006206,0.01113399541046198,13102,1.4
58,Single Session,Open Set,Visual Speller LLP,AR+PSD+KNN,7,session_1,0.5479529599273194,0.9266218679527071,0.9926621867952707,0.034640543427057406,13102,1.4
59,Single Session,Open Set,Visual Speller LLP,AR+PSD+KNN,8,session_1,0.0009821427579355113,0.0026883460444581675,0.22688377677427565,0.001904384982548578,13102,1.4
60,Single Session,Open Set,Visual Speller LLP,AR+PSD+KNN,9,session_1,0.5782303129383892,0.9503867587963851,0.9950386758796386,0.04341328825816331,13102,1.4
61,Single Session,Open Set,Visual Speller LLP,AR+PSD+KNN,10,session_1,0.42300775514382943,0.4973443898924078,0.7139302123245251,0.034675356976781035,13102,1.4
62,Single Session,Open Set,Visual Speller LLP,AR+PSD+KNN,11,session_1,0.3944636128377612,0.49472587052486156,0.7145031659297034,0.06536451078914934,13102,1.4
63,Single Session,Open Set,Visual Speller LLP,AR+PSD+KNN,12,session_1,0.016170716945780067,0.5059510100014076,0.7309522438572837,0.01499929606678567,13102,1.4
64,Single Session,Open Set,Visual Speller LLP,AR+PSD+KNN,13,session_1,0.2888788052685811,0.8674852550022536,0.9867485255002253,0.02541050093630371,13102,1.4
65,Single Session,Open Set,Visual Speller LLP,AR+PSD+RF,1,session_1,0.0,0.0,0.0,1e-05,13102,1.4
66,Single Session,Open Set,Visual Speller LLP,AR+PSD+RF,2,session_1,0.0,0.003968253968253954,0.024501683508898586,0.0011498051524387407,13102,1.4
67,Single Session,Open Set,Visual Speller LLP,AR+PSD+RF,3,session_1,0.0009920634920634885,0.0009920634920634885,0.001984126984126977,0.000999563492063496,13102,1.4
68,Single Session,Open Set,Visual Speller LLP,AR+PSD+RF,4,session_1,0.01190476190476189,0.014880952380952356,0.019841269841269826,0.009923134920705888,13102,1.4
69,Single Session,Open Set,Visual Speller LLP,AR+PSD+RF,5,session_1,0.004960317460317443,0.009920634920634885,0.0158730158730159,0.006614167126892243,13102,1.4
70,Single Session,Open Set,Visual Speller LLP,AR+PSD+RF,6,session_1,0.0,0.0,0.0,1e-05,13102,1.4
71,Single Session,Open Set,Visual Speller LLP,AR+PSD+RF,7,session_1,0.0045584942456567135,0.004960317460317443,0.004960317460317443,0.004962817460277606,13102,1.4
72,Single Session,Open Set,Visual Speller LLP,AR+PSD+RF,8,session_1,0.0,0.0,0.0,1e-05,13102,1.4
73,Single Session,Open Set,Visual Speller LLP,AR+PSD+RF,9,session_1,0.0029761904761904656,0.02180254937470011,0.03373015873015878,0.005291686833415924,13102,1.4
74,Single Session,Open Set,Visual Speller LLP,AR+PSD+RF,10,session_1,0.0,0.0,0.0,1e-05,13102,1.4
75,Single Session,Open Set,Visual Speller LLP,AR+PSD+RF,11,session_1,0.0009920634920634885,0.0009920634920634885,0.003968253968253954,0.0013965627157702342,13102,1.4
76,Single Session,Open Set,Visual Speller LLP,AR+PSD+RF,12,session_1,0.0009920634920634885,0.0009920634920634885,0.0009920634920634885,0.000999563492063496,13102,1.4
77,Single Session,Open Set,Visual Speller LLP,AR+PSD+RF,13,session_1,0.0049603174603174705,0.012896825396825379,0.025793650793650785,0.006920950545361182,13102,1.4
0,Single Session,Open Set,Visual Speller LLP,AR+PSD+SVM,1,session_1,0.001984126984126977,0.004960317460317443,0.007936507936507908,0.003637922386239116,13102,1.5999999999999999
1,Single Session,Open Set,Visual Speller LLP,AR+PSD+SVM,2,session_1,0.004960317460317443,0.010912698412698402,0.023809523809523808,0.00496281746038848,13102,1.5999999999999999
2,Single Session,Open Set,Visual Speller LLP,AR+PSD+SVM,3,session_1,0.0,0.0009920634920634885,0.0029761904761904656,0.000997508802904709,13102,1.5999999999999999
3,Single Session,Open Set,Visual Speller LLP,AR+PSD+SVM,4,session_1,0.0069444444444444475,0.013888888888888895,0.019841269841269854,0.006944444444444442,13102,1.5999999999999999
4,Single Session,Open Set,Visual Speller LLP,AR+PSD+SVM,5,session_1,0.007936507936507936,0.019841269841269826,0.03968253968253968,0.008104040134266225,13102,1.5999999999999999
5,Single Session,Open Set,Visual Speller LLP,AR+PSD+SVM,6,session_1,0.009920634920634913,0.015873015873015872,0.023809523809523836,0.010250254005305614,13102,1.5999999999999999
6,Single Session,Open Set,Visual Speller LLP,AR+PSD+SVM,7,session_1,0.004960317460317443,0.007936507936507908,0.009920634920634885,0.005703897502981876,13102,1.5999999999999999
7,Single Session,Open Set,Visual Speller LLP,AR+PSD+SVM,8,session_1,0.0,0.0,0.0,1e-05,13102,1.5999999999999999
8,Single Session,Open Set,Visual Speller LLP,AR+PSD+SVM,9,session_1,0.008928571428571425,0.01884920634920631,0.028769841269841306,0.008433207648802806,13102,1.5999999999999999
9,Single Session,Open Set,Visual Speller LLP,AR+PSD+SVM,10,session_1,0.0,0.0009920634920634885,0.001984126984126977,0.001246437563144565,13102,1.5999999999999999
10,Single Session,Open Set,Visual Speller LLP,AR+PSD+SVM,11,session_1,0.008928571428571425,0.010912698412698402,0.014880952380952384,0.007358405402439885,13102,1.5999999999999999
11,Single Session,Open Set,Visual Speller LLP,AR+PSD+SVM,12,session_1,0.0,0.0029761904761904656,0.005952380952380959,0.0018224854080538427,13102,1.5999999999999999
12,Single Session,Open Set,Visual Speller LLP,AR+PSD+SVM,13,session_1,0.010912698412698402,0.012896825396825379,0.014880952380952411,0.010912698412769407,13102,1.5999999999999999
13,Single Session,Open Set,Visual Speller LLP,AR+PSD+LR,1,session_1,0.0,0.25,0.25,0.0009169361495872559,13102,1.5999999999999999
14,Single Session,Open Set,Visual Speller LLP,AR+PSD+LR,2,session_1,0.0009920634920634885,0.06646825396825395,0.17261904761904762,0.0022368916768910033,13102,1.5999999999999999
15,Single Session,Open Set,Visual Speller LLP,AR+PSD+LR,3,session_1,0.02182539682539683,0.18253968253968253,0.4255952380952381,0.006206487836957811,13102,1.5999999999999999
16,Single Session,Open Set,Visual Speller LLP,AR+PSD+LR,4,session_1,0.2470238095238095,0.5218253968253967,0.7896825396825397,0.03622017394445879,13102,1.5999999999999999
17,Single Session,Open Set,Visual Speller LLP,AR+PSD+LR,5,session_1,0.003968253968253954,0.026785714285714274,0.3035714285714286,0.005951674714323977,13102,1.5999999999999999
18,Single Session,Open Set,Visual Speller LLP,AR+PSD+LR,6,session_1,0.0,0.125,0.5009920634920635,0.001327570160267499,13102,1.5999999999999999
19,Single Session,Open Set,Visual Speller LLP,AR+PSD+LR,7,session_1,0.4910714285714286,0.5029761904761905,0.5069444444444444,0.04671182268993468,13102,1.5999999999999999
20,Single Session,Open Set,Visual Speller LLP,AR+PSD+LR,8,session_1,0.0,0.25,0.5,0.0010824984583142315,13102,1.5999999999999999
21,Single Session,Open Set,Visual Speller LLP,AR+PSD+LR,9,session_1,0.049603174603174593,0.33829365079365076,0.808531746031746,0.015047249452078275,13102,1.5999999999999999
22,Single Session,Open Set,Visual Speller LLP,AR+PSD+LR,10,session_1,0.0,0.25,0.49702380952380953,0.0006699821786898419,13102,1.5999999999999999
23,Single Session,Open Set,Visual Speller LLP,AR+PSD+LR,11,session_1,0.005952380952380959,0.2579365079365079,0.2677071413571278,0.0035644004665487013,13102,1.5999999999999999
24,Single Session,Open Set,Visual Speller LLP,AR+PSD+LR,12,session_1,0.0009920634920634885,0.0029761904761904656,0.09027777777777779,0.0016582123402047698,13102,1.5999999999999999
25,Single Session,Open Set,Visual Speller LLP,AR+PSD+LR,13,session_1,0.0069444444444444475,0.251984126984127,0.503968253968254,0.006119880952388286,13102,1.5999999999999999
26,Single Session,Open Set,Visual Speller LLP,AR+PSD+LDA,1,session_1,0.001984126984126977,0.24930797919090303,0.4786014328397252,0.002981083677522029,13102,1.5999999999999999
27,Single Session,Open Set,Visual Speller LLP,AR+PSD+LDA,2,session_1,0.0029761904761904656,0.13243771326602155,0.23824377132660216,0.002817945781089465,13102,1.5999999999999999
28,Single Session,Open Set,Visual Speller LLP,AR+PSD+LDA,3,session_1,0.001984126984126977,0.20276477025232012,0.2592645722633272,0.003391042055868346,13102,1.5999999999999999
29,Single Session,Open Set,Visual Speller LLP,AR+PSD+LDA,4,session_1,0.20835242208557134,0.41857859464208147,0.57786261236888,0.03696231387788081,13102,1.5999999999999999
30,Single Session,Open Set,Visual Speller LLP,AR+PSD+LDA,5,session_1,0.018849206349206338,0.06646825396825398,0.4716565221207768,0.012899325396825468,13102,1.5999999999999999
31,Single Session,Open Set,Visual Speller LLP,AR+PSD+LDA,6,session_1,0.0,0.24540617429983827,0.48138585552522195,0.003968013056258062,13102,1.5999999999999999
32,Single Session,Open Set,Visual Speller LLP,AR+PSD+LDA,7,session_1,0.43019796269391264,0.5398581004443584,0.9847352088082647,0.06265030453637757,13102,1.5999999999999999
33,Single Session,Open Set,Visual Speller LLP,AR+PSD+LDA,8,session_1,0.0,0.17599131348456343,0.4171991719917199,0.0011633482813461762,13102,1.5999999999999999
34,Single Session,Open Set,Visual Speller LLP,AR+PSD+LDA,9,session_1,0.07043650793650791,0.5483978946932326,0.8626917618382532,0.017777222181954114,13102,1.5999999999999999
35,Single Session,Open Set,Visual Speller LLP,AR+PSD+LDA,10,session_1,0.0,0.3410913654591091,0.7091091365459109,0.0016528078882366733,13102,1.5999999999999999
36,Single Session,Open Set,Visual Speller LLP,AR+PSD+LDA,11,session_1,0.24181212898174725,0.3223222925232567,0.48709334036343677,0.05492040119640048,13102,1.5999999999999999
37,Single Session,Open Set,Visual Speller LLP,AR+PSD+LDA,12,session_1,0.0049603174603174705,0.007936507936507936,0.40137749591781635,0.004552109372929436,13102,1.5999999999999999
38,Single Session,Open Set,Visual Speller LLP,AR+PSD+LDA,13,session_1,0.005952380952380959,0.21195887554113638,0.47894913472944256,0.004879811519514594,13102,1.5999999999999999
39,Single Session,Open Set,Visual Speller LLP,AR+PSD+NB,1,session_1,0.015873015873015872,0.38792236136647085,0.49980414089855185,0.014468327355499737,13102,1.5999999999999999
40,Single Session,Open Set,Visual Speller LLP,AR+PSD+NB,2,session_1,0.5867155682336131,0.7373421917439962,0.7532977112378917,0.06197509378160395,13102,1.5999999999999999
41,Single Session,Open Set,Visual Speller LLP,AR+PSD+NB,3,session_1,0.6343856445121079,0.7556012628639092,0.9299745186446002,0.06980991588018806,13102,1.5999999999999999
42,Single Session,Open Set,Visual Speller LLP,AR+PSD+NB,4,session_1,0.8701922068061014,0.9870192206806101,0.998701922068061,0.14337448954788085,13102,1.5999999999999999
43,Single Session,Open Set,Visual Speller LLP,AR+PSD+NB,5,session_1,0.7882198235818464,0.9788219823581845,0.9978821982358184,0.1577902345869337,13102,1.5999999999999999
44,Single Session,Open Set,Visual Speller LLP,AR+PSD+NB,6,session_1,0.10408559442737281,0.5250484449288938,0.9527166055390712,0.02967818632375594,13102,1.5999999999999999
45,Single Session,Open Set,Visual Speller LLP,AR+PSD+NB,7,session_1,0.1736338791959348,0.6356820473829308,0.9635682047382932,0.028769841269840966,13102,1.5999999999999999
46,Single Session,Open Set,Visual Speller LLP,AR+PSD+NB,8,session_1,0.0918602737614678,0.47087836339291356,0.7272614380091704,0.027777777777793326,13102,1.5999999999999999
47,Single Session,Open Set,Visual Speller LLP,AR+PSD+NB,9,session_1,0.48533465177940444,0.7700797821622742,0.977257056765214,0.07837301587303326,13102,1.5999999999999999
48,Single Session,Open Set,Visual Speller LLP,AR+PSD+NB,10,session_1,0.2500974033826717,0.28443434351287034,0.2923323232401759,0.0486111111111191,13102,1.5999999999999999
49,Single Session,Open Set,Visual Speller LLP,AR+PSD+NB,11,session_1,0.7149772942565715,0.768025507203435,0.9651704611851624,0.13050896310140178,13102,1.5999999999999999
50,Single Session,Open Set,Visual Speller LLP,AR+PSD+NB,12,session_1,0.4980674084705641,0.6813773958393206,0.968137739583932,0.11388805687377211,13102,1.5999999999999999
51,Single Session,Open Set,Visual Speller LLP,AR+PSD+NB,13,session_1,0.5651322867758295,0.971255434257097,0.9971255434257097,0.049770491123459895,13102,1.5999999999999999
52,Single Session,Open Set,Visual Speller LLP,AR+PSD+KNN,1,session_1,0.0009920634920634885,0.16706538097127002,0.47196218985999383,0.0029328161690694824,13102,1.5999999999999999
53,Single Session,Open Set,Visual Speller LLP,AR+PSD+KNN,2,session_1,0.03195869993551559,0.6039763068570857,0.7425404878285657,0.018599232519178176,13102,1.5999999999999999
54,Single Session,Open Set,Visual Speller LLP,AR+PSD+KNN,3,session_1,0.24314847954921603,0.3985535186890432,0.704949027607249,0.05326691984191808,13102,1.5999999999999999
55,Single Session,Open Set,Visual Speller LLP,AR+PSD+KNN,4,session_1,0.5624063849954981,0.7350227843567227,0.9237047090314069,0.07406484988864513,13102,1.5999999999999999
56,Single Session,Open Set,Visual Speller LLP,AR+PSD+KNN,5,session_1,0.24521411081993752,0.45076730784534375,0.505295895674596,0.0504761041299524,13102,1.5999999999999999
57,Single Session,Open Set,Visual Speller LLP,AR+PSD+KNN,6,session_1,0.03003082255879247,0.42100776246597127,0.725844124937848,0.020068024068711814,13102,1.5999999999999999
58,Single Session,Open Set,Visual Speller LLP,AR+PSD+KNN,7,session_1,0.5754229546468181,0.925840799229634,0.9925840799229635,0.03798505582512811,13102,1.5999999999999999
59,Single Session,Open Set,Visual Speller LLP,AR+PSD+KNN,8,session_1,0.0019708027206350176,0.0652322594654518,0.23330894023225945,0.0029011853558632682,13102,1.5999999999999999
60,Single Session,Open Set,Visual Speller LLP,AR+PSD+KNN,9,session_1,0.5762216433869911,0.9419401545320361,0.9941940154532036,0.04468580137566154,13102,1.5999999999999999
61,Single Session,Open Set,Visual Speller LLP,AR+PSD+KNN,10,session_1,0.39454529633294616,0.4984276391683642,0.924778985217825,0.032757381761170705,13102,1.5999999999999999
62,Single Session,Open Set,Visual Speller LLP,AR+PSD+KNN,11,session_1,0.46242927142921253,0.6593748939217727,0.7479656055917067,0.070905643630126,13102,1.5999999999999999
63,Single Session,Open Set,Visual Speller LLP,AR+PSD+KNN,12,session_1,0.25779797981523994,0.8215953409583823,0.9821595340958382,0.020764405312941433,13102,1.5999999999999999
64,Single Session,Open Set,Visual Speller LLP,AR+PSD+KNN,13,session_1,0.25869824131508795,0.7111252596275931,0.9709224454905261,0.02442896486052389,13102,1.5999999999999999
65,Single Session,Open Set,Visual Speller LLP,AR+PSD+RF,1,session_1,0.0009920634920634885,0.0009920634920634885,0.0009920634920634885,0.0009995634920634963,13102,1.5999999999999999
66,Single Session,Open Set,Visual Speller LLP,AR+PSD+RF,2,session_1,0.0069444444444444475,0.021794602866663598,0.03908263288982097,0.006892230576448892,13102,1.5999999999999999
67,Single Session,Open Set,Visual Speller LLP,AR+PSD+RF,3,session_1,0.0009920634920634885,0.0029761904761904656,0.006344537651725712,0.0019376249791594558,13102,1.5999999999999999
68,Single Session,Open Set,Visual Speller LLP,AR+PSD+RF,4,session_1,0.020589225733527172,0.03106528585127119,0.06021596922318431,0.014105195941241076,13102,1.5999999999999999
69,Single Session,Open Set,Visual Speller LLP,AR+PSD+RF,5,session_1,0.004591550545135076,0.015873015873015872,0.02916209717652729,0.00422012803933642,13102,1.5999999999999999
70,Single Session,Open Set,Visual Speller LLP,AR+PSD+RF,6,session_1,0.0009920634920634885,0.0009920634920634885,0.0009920634920634885,0.000999563492063496,13102,1.5999999999999999
71,Single Session,Open Set,Visual Speller LLP,AR+PSD+RF,7,session_1,0.012896825396825407,0.019841269841269854,0.022217553524741612,0.011101064898532858,13102,1.5999999999999999
72,Single Session,Open Set,Visual Speller LLP,AR+PSD+RF,8,session_1,0.0,0.0,0.0,1e-05,13102,1.5999999999999999
73,Single Session,Open Set,Visual Speller LLP,AR+PSD+RF,9,session_1,0.012896825396825407,0.04954887181146944,0.09319602124592671,0.012207237494076487,13102,1.5999999999999999
74,Single Session,Open Set,Visual Speller LLP,AR+PSD+RF,10,session_1,0.0,0.0,0.0009920634920634885,9.2287184167739e-05,13102,1.5999999999999999
75,Single Session,Open Set,Visual Speller LLP,AR+PSD+RF,11,session_1,0.007295574939876398,0.013842201914082614,0.01755723906445414,0.006888950087051401,13102,1.5999999999999999
76,Single Session,Open Set,Visual Speller LLP,AR+PSD+RF,12,session_1,0.0,0.0009920634920634885,0.0009920634920634885,0.0009995634920630845,13102,1.5999999999999999
77,Single Session,Open Set,Visual Speller LLP,AR+PSD+RF,13,session_1,0.011904761904761918,0.017834295406446155,0.025493747000962075,0.01172114436918608,13102,1.5999999999999999
0,Single Session,Open Set,Visual Speller LLP,AR+PSD+SVM,1,session_1,0.0029761904761904656,0.004960317460317443,0.008928571428571425,0.004464508369714633,13102,1.8
1,Single Session,Open Set,Visual Speller LLP,AR+PSD+SVM,2,session_1,0.008928571428571425,0.013888888888888867,0.017857142857142877,0.0090967270615042,13102,1.8
2,Single Session,Open Set,Visual Speller LLP,AR+PSD+SVM,3,session_1,0.0009920634920634885,0.0009920634920634885,0.0009920634920634885,0.000999563492063496,13102,1.8
3,Single Session,Open Set,Visual Speller LLP,AR+PSD+SVM,4,session_1,0.008928571428571397,0.010912698412698402,0.01190476190476189,0.009425271140865058,13102,1.8
4,Single Session,Open Set,Visual Speller LLP,AR+PSD+SVM,5,session_1,0.005952380952380959,0.009920634920634913,0.012896825396825379,0.00570817874634667,13102,1.8
5,Single Session,Open Set,Visual Speller LLP,AR+PSD+SVM,6,session_1,0.0009920634920634885,0.001984126984126977,0.0069444444444444475,0.00174019196460595,13102,1.8
6,Single Session,Open Set,Visual Speller LLP,AR+PSD+SVM,7,session_1,0.0009920634920634885,0.003968253968253954,0.0069444444444444475,0.0019895722949767195,13102,1.8
7,Single Session,Open Set,Visual Speller LLP,AR+PSD+SVM,8,session_1,0.0,0.0,0.0,1e-05,13102,1.8
8,Single Session,Open Set,Visual Speller LLP,AR+PSD+SVM,9,session_1,0.005952380952380931,0.01190476190476189,0.018849206349206338,0.006204355462654077,13102,1.8
9,Single Session,Open Set,Visual Speller LLP,AR+PSD+SVM,10,session_1,0.0,0.0,0.0,1e-05,13102,1.8
10,Single Session,Open Set,Visual Speller LLP,AR+PSD+SVM,11,session_1,0.00694444444444442,0.008928571428571425,0.008928571428571425,0.006534319418972664,13102,1.8
11,Single Session,Open Set,Visual Speller LLP,AR+PSD+SVM,12,session_1,0.0,0.0009920634920634885,0.001984126984126977,0.000997508802904709,13102,1.8
12,Single Session,Open Set,Visual Speller LLP,AR+PSD+SVM,13,session_1,0.008928571428571397,0.009920634920634913,0.010912698412698402,0.00892857142857149,13102,1.8
13,Single Session,Open Set,Visual Speller LLP,AR+PSD+LR,1,session_1,0.0,0.25,0.25,0.0007522989042958402,13102,1.8
14,Single Session,Open Set,Visual Speller LLP,AR+PSD+LR,2,session_1,0.0,0.001984126984126977,0.13888888888888887,0.0009978454711358942,13102,1.8
15,Single Session,Open Set,Visual Speller LLP,AR+PSD+LR,3,session_1,0.027777777777777762,0.16468253968253968,0.3839285714285714,0.010915198412706703,13102,1.8
16,Single Session,Open Set,Visual Speller LLP,AR+PSD+LR,4,session_1,0.26587301587301587,0.36309523809523814,0.6755952380952381,0.04060081498808776,13102,1.8
17,Single Session,Open Set,Visual Speller LLP,AR+PSD+LR,5,session_1,0.025793650793650785,0.0763888888888889,0.30853174603174605,0.012488235241662156,13102,1.8
18,Single Session,Open Set,Visual Speller LLP,AR+PSD+LR,6,session_1,0.0,0.0,0.08432539682539683,0.0002570789276586614,13102,1.8
19,Single Session,Open Set,Visual Speller LLP,AR+PSD+LR,7,session_1,0.23710317460317462,0.49503968253968256,0.5079365079365079,0.02257334672528134,13102,1.8
20,Single Session,Open Set,Visual Speller LLP,AR+PSD+LR,8,session_1,0.0,0.2251984126984127,0.24305555555555555,0.0008349851052681051,13102,1.8
21,Single Session,Open Set,Visual Speller LLP,AR+PSD+LR,9,session_1,0.001984126984126977,0.1904761904761905,0.5704365079365079,0.004135404327890975,13102,1.8
22,Single Session,Open Set,Visual Speller LLP,AR+PSD+LR,10,session_1,0.0,0.25,0.4226190476190476,0.0006695671997462669,13102,1.8
23,Single Session,Open Set,Visual Speller LLP,AR+PSD+LR,11,session_1,0.0,0.0029761904761904656,0.02182539682539683,0.001080002526542902,13102,1.8
24,Single Session,Open Set,Visual Speller LLP,AR+PSD+LR,12,session_1,0.0,0.009920634920634913,0.04662698412698413,0.0007506347318231239,13102,1.8
25,Single Session,Open Set,Visual Speller LLP,AR+PSD+LR,13,session_1,0.001984126984126977,0.2509920634920635,0.5009920634920635,0.0021541269841269927,13102,1.8
26,Single Session,Open Set,Visual Speller LLP,AR+PSD+LDA,1,session_1,0.03399783997839975,0.38824638246382465,0.9260367603676036,0.003771405439131115,13102,1.8
27,Single Session,Open Set,Visual Speller LLP,AR+PSD+LDA,2,session_1,0.0,0.0009920634920634885,0.1768234745839522,0.00042146095799543143,13102,1.8
28,Single Session,Open Set,Visual Speller LLP,AR+PSD+LDA,3,session_1,0.04416460831274979,0.4156187449320381,0.49156187449320377,0.00561065276481187,13102,1.8
29,Single Session,Open Set,Visual Speller LLP,AR+PSD+LDA,4,session_1,0.16511200684569205,0.2666104070337756,0.6649442181780094,0.0314163235991946,13102,1.8
30,Single Session,Open Set,Visual Speller LLP,AR+PSD+LDA,5,session_1,0.060515873015872995,0.2646152354380687,0.5144575552898386,0.027777777777777894,13102,1.8
31,Single Session,Open Set,Visual Speller LLP,AR+PSD+LDA,6,session_1,0.0,0.18699936999369993,0.24369993699936998,0.0009956422924901184,13102,1.8
32,Single Session,Open Set,Visual Speller LLP,AR+PSD+LDA,7,session_1,0.44429036473132105,0.8785199458346067,0.9813748425103526,0.06878685434251734,13102,1.8
33,Single Session,Open Set,Visual Speller LLP,AR+PSD+LDA,8,session_1,0.0,0.17439924399243992,0.454789547895479,0.0009962190807964995,13102,1.8
34,Single Session,Open Set,Visual Speller LLP,AR+PSD+LDA,9,session_1,0.0029761904761904656,0.21048353340676265,0.68724340021178,0.004465242014192945,13102,1.8
35,Single Session,Open Set,Visual Speller LLP,AR+PSD+LDA,10,session_1,0.45361439852593505,0.5941599278374733,0.7344159927837473,0.05004594535998034,13102,1.8
36,Single Session,Open Set,Visual Speller LLP,AR+PSD+LDA,11,session_1,0.24249495970630014,0.24924949597063,0.47472469759454294,0.06272278319520168,13102,1.8
37,Single Session,Open Set,Visual Speller LLP,AR+PSD+LDA,12,session_1,0.23632897721382276,0.24863289772138228,0.638436580266948,0.038904399172278586,13102,1.8
38,Single Session,Open Set,Visual Speller LLP,AR+PSD+LDA,13,session_1,0.004960317460317443,0.1440187616161876,0.46194697066018275,0.004550192434845689,13102,1.8
39,Single Session,Open Set,Visual Speller LLP,AR+PSD+NB,1,session_1,0.039993152032360646,0.2391183628222837,0.43027221238598945,0.011904761904831657,13102,1.8
40,Single Session,Open Set,Visual Speller LLP,AR+PSD+NB,2,session_1,0.505149730084779,0.7318641793576842,0.7554284814278319,0.054710782057702335,13102,1.8
41,Single Session,Open Set,Visual Speller LLP,AR+PSD+NB,3,session_1,0.06051587301587302,0.4353074416987556,0.6870014467340441,0.046131531285052055,13102,1.8
42,Single Session,Open Set,Visual Speller LLP,AR+PSD+NB,4,session_1,0.4707374970623813,0.6972420061964953,0.7509742006196495,0.07208632537469728,13102,1.8
43,Single Session,Open Set,Visual Speller LLP,AR+PSD+NB,5,session_1,0.6982739990054567,0.7513750189481647,0.7563875018948165,0.13117600990630124,13102,1.8
44,Single Session,Open Set,Visual Speller LLP,AR+PSD+NB,6,session_1,0.009920634920634941,0.406969166153171,0.49625247217087265,0.009674751910441256,13102,1.8
45,Single Session,Open Set,Visual Speller LLP,AR+PSD+NB,7,session_1,0.023809523809523808,0.03174603174603177,0.23880122729798728,0.02141366242159487,13102,1.8
46,Single Session,Open Set,Visual Speller LLP,AR+PSD+NB,8,session_1,0.013888888888888895,0.20015414439858684,0.2557297001541444,0.012896825396827964,13102,1.8
47,Single Session,Open Set,Visual Speller LLP,AR+PSD+NB,9,session_1,0.24838785340408148,0.4736055676510884,0.7471960551200924,0.039020511533721616,13102,1.8
48,Single Session,Open Set,Visual Speller LLP,AR+PSD+NB,10,session_1,0.022817460317460347,0.15977942942694737,0.25546206992682174,0.02083333333324803,13102,1.8
49,Single Session,Open Set,Visual Speller LLP,AR+PSD+NB,11,session_1,0.5006873577253689,0.5235806405344416,0.6915748133637944,0.11068096345558573,13102,1.8
50,Single Session,Open Set,Visual Speller LLP,AR+PSD+NB,12,session_1,0.4719915901853645,0.5218023336217111,0.5272794397113775,0.06694418889110992,13102,1.8
51,Single Session,Open Set,Visual Speller LLP,AR+PSD+NB,13,session_1,0.3911408188757213,0.898093529997349,0.9898093529997349,0.030674630881943776,13102,1.8
52,Single Session,Open Set,Visual Speller LLP,AR+PSD+KNN,1,session_1,0.0026884544639096952,0.20119057341367064,0.4589036961798189,0.0033740316917120743,13102,1.8
53,Single Session,Open Set,Visual Speller LLP,AR+PSD+KNN,2,session_1,0.2170774857081685,0.6873467306306712,0.920433488331643,0.022157142826484313,13102,1.8
54,Single Session,Open Set,Visual Speller LLP,AR+PSD+KNN,3,session_1,0.24437878351432035,0.2550630863451492,0.6398565275335293,0.059489426639904995,13102,1.8
55,Single Session,Open Set,Visual Speller LLP,AR+PSD+KNN,4,session_1,0.4519682527117338,0.5053524173812327,0.7307060826743765,0.05082327534459046,13102,1.8
56,Single Session,Open Set,Visual Speller LLP,AR+PSD+KNN,5,session_1,0.517796610639941,0.7297320120160751,0.9244772340990793,0.09190263218651729,13102,1.8
57,Single Session,Open Set,Visual Speller LLP,AR+PSD+KNN,6,session_1,0.012735283691413996,0.2135802265099371,0.8094842985466892,0.011178954786322113,13102,1.8
58,Single Session,Open Set,Visual Speller LLP,AR+PSD+KNN,7,session_1,0.49810314281036727,0.9124810709489208,0.991248107094892,0.0337296322909209,13102,1.8
59,Single Session,Open Set,Visual Speller LLP,AR+PSD+KNN,8,session_1,0.0007067927822135278,0.001984126984126977,0.22599181348956346,0.0019891269842027474,13102,1.8
60,Single Session,Open Set,Visual Speller LLP,AR+PSD+KNN,9,session_1,0.6334800523813678,0.9633480052381368,0.9963348005238136,0.04828985212740107,13102,1.8
61,Single Session,Open Set,Visual Speller LLP,AR+PSD+KNN,10,session_1,0.42558059881160815,0.5948872449761475,0.9096096444568144,0.03351066130299456,13102,1.8
62,Single Session,Open Set,Visual Speller LLP,AR+PSD+KNN,11,session_1,0.4101667993710255,0.49196207796251135,0.6765644904076487,0.0681597889450258,13102,1.8
63,Single Session,Open Set,Visual Speller LLP,AR+PSD+KNN,12,session_1,0.009046791986208336,0.39513101711704945,0.926515332448298,0.008295337072588484,13102,1.8
64,Single Session,Open Set,Visual Speller LLP,AR+PSD+KNN,13,session_1,0.24431774692222794,0.8420408775575097,0.984204087755751,0.02197574041309966,13102,1.8
65,Single Session,Open Set,Visual Speller LLP,AR+PSD+RF,1,session_1,0.0,0.0,0.0,1e-05,13102,1.8
66,Single Session,Open Set,Visual Speller LLP,AR+PSD+RF,2,session_1,0.0,0.001984126984126977,0.0036683501755652437,0.0010733993699255748,13102,1.8
67,Single Session,Open Set,Visual Speller LLP,AR+PSD+RF,3,session_1,0.001984126984126977,0.0029761904761904656,0.0029761904761904656,0.00199162698412705,13102,1.8
68,Single Session,Open Set,Visual Speller LLP,AR+PSD+RF,4,session_1,0.009920634920634913,0.01751850851841852,0.025886002907648115,0.010251322751242936,13102,1.8
69,Single Session,Open Set,Visual Speller LLP,AR+PSD+RF,5,session_1,0.001984126984126977,0.0029761904761904656,0.009620731127946203,0.002482658730162368,13102,1.8
70,Single Session,Open Set,Visual Speller LLP,AR+PSD+RF,6,session_1,0.0,0.0,0.0,1e-05,13102,1.8
71,Single Session,Open Set,Visual Speller LLP,AR+PSD+RF,7,session_1,0.004960317460317443,0.005940461190326207,0.005952380952380959,0.004772036019536015,13102,1.8
72,Single Session,Open Set,Visual Speller LLP,AR+PSD+RF,8,session_1,0.0,0.0,0.0,1e-05,13102,1.8
73,Single Session,Open Set,Visual Speller LLP,AR+PSD+RF,9,session_1,0.0009920634920634885,0.015830302152227888,0.03848252768241972,0.0037751243922682083,13102,1.8
74,Single Session,Open Set,Visual Speller LLP,AR+PSD+RF,10,session_1,0.0,0.0,0.0,1e-05,13102,1.8
75,Single Session,Open Set,Visual Speller LLP,AR+PSD+RF,11,session_1,0.001984126984126977,0.003968253968253954,0.005952380952380931,0.00264996201327495,13102,1.8
76,Single Session,Open Set,Visual Speller LLP,AR+PSD+RF,12,session_1,0.0,0.0,0.0,1e-05,13102,1.8
77,Single Session,Open Set,Visual Speller LLP,AR+PSD+RF,13,session_1,0.0029761904761904656,0.005952380952380931,0.013888888888888867,0.004390819997019785,13102,1.8
0,Single Session,Open Set,Visual Speller LLP,AR+PSD+SVM,1,session_1,0.0,0.001984126984126977,0.0029761904761904656,0.000997502543615525,13102,2.0
1,Single Session,Open Set,Visual Speller LLP,AR+PSD+SVM,2,session_1,0.014880952380952384,0.02182539682539683,0.030753968253968228,0.012731080701747036,13102,2.0
2,Single Session,Open Set,Visual Speller LLP,AR+PSD+SVM,3,session_1,0.001984126984126977,0.001984126984126977,0.001984126984126977,0.0019891269841269925,13102,2.0
3,Single Session,Open Set,Visual Speller LLP,AR+PSD+SVM,4,session_1,0.013888888888888867,0.026785714285714246,0.04761904761904759,0.013888888888889103,13102,2.0
4,Single Session,Open Set,Visual Speller LLP,AR+PSD+SVM,5,session_1,0.003968253968253954,0.01190476190476189,0.023809523809523808,0.004218450972689372,13102,2.0
5,Single Session,Open Set,Visual Speller LLP,AR+PSD+SVM,6,session_1,0.0029761904761904656,0.004960317460317443,0.007936507936507936,0.002979135787031702,13102,2.0
6,Single Session,Open Set,Visual Speller LLP,AR+PSD+SVM,7,session_1,0.0029761904761904656,0.003968253968253954,0.0049603174603174705,0.00298119047626143,13102,2.0
7,Single Session,Open Set,Visual Speller LLP,AR+PSD+SVM,8,session_1,0.0009920634920634885,0.0009920634920634885,0.001984126984126977,0.000999563492063496,13102,2.0
8,Single Session,Open Set,Visual Speller LLP,AR+PSD+SVM,9,session_1,0.005952380952380931,0.01785714285714285,0.03670634920634924,0.0070269160122463726,13102,2.0
9,Single Session,Open Set,Visual Speller LLP,AR+PSD+SVM,10,session_1,0.0,0.0,0.0009920634920634885,0.00025687407108158526,13102,2.0
10,Single Session,Open Set,Visual Speller LLP,AR+PSD+SVM,11,session_1,0.013888888888888867,0.019841269841269826,0.023809523809523836,0.011163853727146775,13102,2.0
11,Single Session,Open Set,Visual Speller LLP,AR+PSD+SVM,12,session_1,0.001984126984126977,0.004960317460317443,0.007936507936507908,0.0037222642595651253,13102,2.0
12,Single Session,Open Set,Visual Speller LLP,AR+PSD+SVM,13,session_1,0.008928571428571425,0.011904761904761918,0.01785714285714285,0.00826995669441111,13102,2.0
13,Single Session,Open Set,Visual Speller LLP,AR+PSD+LR,1,session_1,0.0,0.2509920634920635,0.2579365079365079,0.002316239809506197,13102,2.0
14,Single Session,Open Set,Visual Speller LLP,AR+PSD+LR,2,session_1,0.0029761904761904656,0.03968253968253968,0.2906746031746032,0.003147113295627974,13102,2.0
15,Single Session,Open Set,Visual Speller LLP,AR+PSD+LR,3,session_1,0.010912698412698402,0.1746031746031746,0.42063492063492064,0.0048004692632201,13102,2.0
16,Single Session,Open Set,Visual Speller LLP,AR+PSD+LR,4,session_1,0.2490079365079365,0.27182539682539686,0.9900793650793651,0.0367084565067244,13102,2.0
17,Single Session,Open Set,Visual Speller LLP,AR+PSD+LR,5,session_1,0.0,0.005952380952380931,0.03472222222222221,0.0027322845089398323,13102,2.0
18,Single Session,Open Set,Visual Speller LLP,AR+PSD+LR,6,session_1,0.0,0.14087301587301587,0.28571428571428575,0.0009982962569396602,13102,2.0
19,Single Session,Open Set,Visual Speller LLP,AR+PSD+LR,7,session_1,0.45337301587301587,0.5,0.75,0.0378688138460666,13102,2.0
20,Single Session,Open Set,Visual Speller LLP,AR+PSD+LR,8,session_1,0.0,0.24702380952380953,0.2509920634920635,0.0010818695528547213,13102,2.0
21,Single Session,Open Set,Visual Speller LLP,AR+PSD+LR,9,session_1,0.053571428571428575,0.32440476190476186,0.689484126984127,0.010005652042704505,13102,2.0
22,Single Session,Open Set,Visual Speller LLP,AR+PSD+LR,10,session_1,0.0,0.25,0.25,0.0004225,13102,2.0
23,Single Session,Open Set,Visual Speller LLP,AR+PSD+LR,11,session_1,0.001984126984126977,0.25396825396825395,0.2606126954126684,0.002403869843553927,13102,2.0
24,Single Session,Open Set,Visual Speller LLP,AR+PSD+LR,12,session_1,0.0009920634920634885,0.009920634920634941,0.2271825396825397,0.0024839822660291206,13102,2.0
25,Single Session,Open Set,Visual Speller LLP,AR+PSD+LR,13,session_1,0.001984126984126977,0.29067460317460314,0.8124000320691038,0.003145257052071918,13102,2.0
26,Single Session,Open Set,Visual Speller LLP,AR+PSD+LDA,1,session_1,0.10519085960090369,0.338750931770612,0.7086764304761485,0.004992181422445208,13102,2.0
27,Single Session,Open Set,Visual Speller LLP,AR+PSD+LDA,2,session_1,0.0009920634920634885,0.07755531920398573,0.23275553192039858,0.0022409581772784015,13102,2.0
28,Single Session,Open Set,Visual Speller LLP,AR+PSD+LDA,3,session_1,0.0069444444444444475,0.20879279950808166,0.2660181688396971,0.007031731628608079,13102,2.0
29,Single Session,Open Set,Visual Speller LLP,AR+PSD+LDA,4,session_1,0.22014997862703062,0.27419753754524273,0.5332765891085922,0.038359699297620446,13102,2.0
30,Single Session,Open Set,Visual Speller LLP,AR+PSD+LDA,5,session_1,0.009920634920634941,0.05753968253968256,0.4515949722989293,0.008022281175908969,13102,2.0
31,Single Session,Open Set,Visual Speller LLP,AR+PSD+LDA,6,session_1,0.0,0.25292368995118525,0.6670219281557895,0.00372287413815483,13102,2.0
32,Single Session,Open Set,Visual Speller LLP,AR+PSD+LDA,7,session_1,0.31215467334401825,0.5086882867054526,0.774427390645054,0.06409631878919053,13102,2.0
33,Single Session,Open Set,Visual Speller LLP,AR+PSD+LDA,8,session_1,0.0,0.17559925599255993,0.454909549095491,0.0009992708502741363,13102,2.0
34,Single Session,Open Set,Visual Speller LLP,AR+PSD+LDA,9,session_1,0.08035714285714288,0.5641983773733842,0.892142902309254,0.022156055827961717,13102,2.0
35,Single Session,Open Set,Visual Speller LLP,AR+PSD+LDA,10,session_1,0.17127525441921085,0.40192412340790074,0.71519241234079,0.008441187655174294,13102,2.0
36,Single Session,Open Set,Visual Speller LLP,AR+PSD+LDA,11,session_1,0.2425891281512251,0.3212412397812493,0.4858939652479662,0.06455428252402053,13102,2.0
37,Single Session,Open Set,Visual Speller LLP,AR+PSD+LDA,12,session_1,0.0069444444444444475,0.19296764396215393,0.6369721832138957,0.006454592225996114,13102,2.0
38,Single Session,Open Set,Visual Speller LLP,AR+PSD+LDA,13,session_1,0.007936507936507936,0.26633958799905455,0.561932580304639,0.0076093235798233416,13102,2.0
39,Single Session,Open Set,Visual Speller LLP,AR+PSD+NB,1,session_1,0.11274920879907885,0.4373854319850189,0.5063377495477083,0.021992331014800005,13102,2.0
40,Single Session,Open Set,Visual Speller LLP,AR+PSD+NB,2,session_1,0.6068738835605216,0.7394572296258934,0.9262720835277822,0.06825683428605238,13102,2.0
41,Single Session,Open Set,Visual Speller LLP,AR+PSD+NB,3,session_1,0.632355819858654,0.7547038359541194,0.9646343288062926,0.06888088683788256,13102,2.0
42,Single Session,Open Set,Visual Speller LLP,AR+PSD+NB,4,session_1,0.9115665853555298,0.991156658535553,0.9991156658535553,0.15181603943357522,13102,2.0
43,Single Session,Open Set,Visual Speller LLP,AR+PSD+NB,5,session_1,0.6796849847950063,0.9430719727285289,0.9943071972728529,0.12592935327336774,13102,2.0
44,Single Session,Open Set,Visual Speller LLP,AR+PSD+NB,6,session_1,0.13640100181325263,0.67920885408315,0.967920885408315,0.02893638752445647,13102,2.0
45,Single Session,Open Set,Visual Speller LLP,AR+PSD+NB,7,session_1,0.2196659466594666,0.6015437270774824,0.9483283754795221,0.042581246072358386,13102,2.0
46,Single Session,Open Set,Visual Speller LLP,AR+PSD+NB,8,session_1,0.18080138557061678,0.6252850053387742,0.9623373870155995,0.028769841269945466,13102,2.0
47,Single Session,Open Set,Visual Speller LLP,AR+PSD+NB,9,session_1,0.4599420862123982,0.9260189378021421,0.9926018937802141,0.07382674843279381,13102,2.0
48,Single Session,Open Set,Visual Speller LLP,AR+PSD+NB,10,session_1,0.26469857368070415,0.5446740215525694,0.9076793985609353,0.05791592391874819,13102,2.0
49,Single Session,Open Set,Visual Speller LLP,AR+PSD+NB,11,session_1,0.7157253632669367,0.7641320601362175,0.964577935875206,0.12833118703900448,13102,2.0
50,Single Session,Open Set,Visual Speller LLP,AR+PSD+NB,12,session_1,0.5600254951853261,0.7499509622169452,0.9749107382352575,0.13056305738396567,13102,2.0
51,Single Session,Open Set,Visual Speller LLP,AR+PSD+NB,13,session_1,0.562744225580229,0.942539989137851,0.9942539989137851,0.05134334754757533,13102,2.0
52,Single Session,Open Set,Visual Speller LLP,AR+PSD+KNN,1,session_1,0.003964874311434913,0.27083438889944456,0.47886961012467266,0.0044376073761798725,13102,2.0
53,Single Session,Open Set,Visual Speller LLP,AR+PSD+KNN,2,session_1,0.04262573858322313,0.6522956740185986,0.7484623316078087,0.01956478490056294,13102,2.0
54,Single Session,Open Set,Visual Speller LLP,AR+PSD+KNN,3,session_1,0.24907945586822133,0.32232136631964053,0.8706432343672801,0.0615550406315996,13102,2.0
55,Single Session,Open Set,Visual Speller LLP,AR+PSD+KNN,4,session_1,0.47937074558668846,0.7103490547584028,0.9218397260240458,0.0832555740981231,13102,2.0
56,Single Session,Open Set,Visual Speller LLP,AR+PSD+KNN,5,session_1,0.24487660859410074,0.45469059089496344,0.7079687393111663,0.05125880287088136,13102,2.0
57,Single Session,Open Set,Visual Speller LLP,AR+PSD+KNN,6,session_1,0.015929840883312257,0.5531522129194356,0.9074823305953118,0.012379117904924616,13102,2.0
58,Single Session,Open Set,Visual Speller LLP,AR+PSD+KNN,7,session_1,0.550984197986218,0.8558943130088765,0.9855894313008877,0.037282159609624166,13102,2.0
59,Single Session,Open Set,Visual Speller LLP,AR+PSD+KNN,8,session_1,0.0,0.0057264034178803325,0.22629181648959346,0.0013938888888888805,13102,2.0
60,Single Session,Open Set,Visual Speller LLP,AR+PSD+KNN,9,session_1,0.5908334917577583,0.9449486438292471,0.9944948643829247,0.04911224341117461,13102,2.0
61,Single Session,Open Set,Visual Speller LLP,AR+PSD+KNN,10,session_1,0.37340794811152356,0.4951698940230921,0.6771298349752094,0.03166779657102944,13102,2.0
62,Single Session,Open Set,Visual Speller LLP,AR+PSD+KNN,11,session_1,0.454878745085331,0.6935286864340051,0.751127598593081,0.06491886479626549,13102,2.0
63,Single Session,Open Set,Visual Speller LLP,AR+PSD+KNN,12,session_1,0.38476954287400983,0.8127346807895249,0.9812734680789525,0.03125531283583964,13102,2.0
64,Single Session,Open Set,Visual Speller LLP,AR+PSD+KNN,13,session_1,0.1130512932585864,0.737482100350104,0.9737482100350103,0.02019617754689964,13102,2.0
65,Single Session,Open Set,Visual Speller LLP,AR+PSD+RF,1,session_1,0.0009920634920634885,0.0019761804760904667,0.0029761904761904656,0.000999563492063496,13102,2.0
66,Single Session,Open Set,Visual Speller LLP,AR+PSD+RF,2,session_1,0.011904761904761918,0.03813633374428979,0.05633996816158637,0.009237853763269438,13102,2.0
67,Single Session,Open Set,Visual Speller LLP,AR+PSD+RF,3,session_1,0.0033530246016745813,0.007936507936507936,0.014580949380922387,0.005191755189254198,13102,2.0
68,Single Session,Open Set,Visual Speller LLP,AR+PSD+RF,4,session_1,0.024801587301587297,0.040663179449254794,0.05604016357623895,0.01902010947525043,13102,2.0
69,Single Session,Open Set,Visual Speller LLP,AR+PSD+RF,5,session_1,0.001984126984126977,0.014880952380952384,0.030454064461279545,0.002876475906151921,13102,2.0
70,Single Session,Open Set,Visual Speller LLP,AR+PSD+RF,6,session_1,0.0,0.0,0.0,1e-05,13102,2.0
71,Single Session,Open Set,Visual Speller LLP,AR+PSD+RF,7,session_1,0.009116988491313482,0.018487063177510088,0.024801587301587324,0.008268175451048587,13102,2.0
72,Single Session,Open Set,Visual Speller LLP,AR+PSD+RF,8,session_1,0.0,0.0,0.0,1e-05,13102,2.0
73,Single Session,Open Set,Visual Speller LLP,AR+PSD+RF,9,session_1,0.011904761904761918,0.04953364017767162,0.11586357927071339,0.010297532093346407,13102,2.0
74,Single Session,Open Set,Visual Speller LLP,AR+PSD+RF,10,session_1,0.0,0.0,0.0,1e-05,13102,2.0
75,Single Session,Open Set,Visual Speller LLP,AR+PSD+RF,11,session_1,0.0009920634920634885,0.012828283044735211,0.01755723906445414,0.0026867075136920455,13102,2.0
76,Single Session,Open Set,Visual Speller LLP,AR+PSD+RF,12,session_1,0.004960317460317443,0.0069444444444444475,0.008778619532227055,0.004962817460317464,13102,2.0
77,Single Session,Open Set,Visual Speller LLP,AR+PSD+RF,13,session_1,0.0050288327558599966,0.007912668412398377,0.021075538136333755,0.00589656152323094,13102,2.0
